Entity,Code,Year,cumulative_launches,Continent
Algeria,DZA,2002,1,Africa
Algeria,DZA,2010,2,Africa
Algeria,DZA,2016,5,Africa
Algeria,DZA,2017,6,Africa
Angola,AGO,2017,1,Africa
Arabsat,,1985,2,Asia
Arabsat,,1992,3,Asia
Arabsat,,1996,5,Asia
Arabsat,,1999,6,Asia
Arabsat,,2006,8,Asia
Arabsat,,2008,9,Asia
Arabsat,,2010,11,Asia
Arabsat,,2011,12,Asia
Arabsat,,2015,13,Asia
Arabsat,,2019,14,Asia
Argentina,ARG,1990,1,South America
Argentina,ARG,1996,4,South America
Argentina,ARG,1997,5,South America
Argentina,ARG,1998,6,South America
Argentina,ARG,2000,8,South America
Argentina,ARG,2002,10,South America
Argentina,ARG,2007,11,South America
Argentina,ARG,2011,12,South America
Argentina,ARG,2013,14,South America
Argentina,ARG,2014,16,South America
Argentina,ARG,2015,17,South America
Argentina,ARG,2018,18,South America
Argentina,ARG,2020,19,South America
Argentina,ARG,2021,20,South America
Australia,AUS,1967,1,ANZ
Australia,AUS,1970,2,ANZ
Australia,AUS,1985,4,ANZ
Australia,AUS,1987,5,ANZ
Australia,AUS,1990,6,ANZ
Australia,AUS,1992,8,ANZ
Australia,AUS,1994,9,ANZ
Australia,AUS,1998,10,ANZ
Australia,AUS,2002,11,ANZ
Australia,AUS,2003,12,ANZ
Australia,AUS,2006,13,ANZ
Australia,AUS,2007,14,ANZ
Australia,AUS,2009,15,ANZ
Australia,AUS,2014,16,ANZ
Australia,AUS,2015,17,ANZ
Australia,AUS,2016,18,ANZ
Australia,AUS,2017,19,ANZ
Australia,AUS,2018,25,ANZ
Australia,AUS,2019,26,ANZ
Australia,AUS,2020,29,ANZ
Australia,AUS,2021,36,ANZ
Austria,AUT,2013,2,Europe
Austria,AUT,2017,3,Europe
Azerbaijan,AZE,2013,1,Europe
Azerbaijan,AZE,2014,2,Europe
Azerbaijan,AZE,2018,3,Europe
Bangladesh,BGD,2017,1,Asia
Bangladesh,BGD,2018,2,Asia
Belarus,BLR,2012,1,Europe
Belarus,BLR,2016,2,Europe
Belarus,BLR,2018,3,Europe
Belgium,BEL,2014,3,Europe
Belgium,BEL,2016,4,Europe
Belgium,BEL,2017,32,Europe
Belgium,BEL,2020,35,Europe
Belgium,BEL,2021,36,Europe
Bhutan,BTN,2018,1,Asia
Bolivia,BOL,2013,1,South America
Brazil,BRA,1985,1,South America
Brazil,BRA,1986,2,South America
Brazil,BRA,1990,3,South America
Brazil,BRA,1993,4,South America
Brazil,BRA,1994,5,South America
Brazil,BRA,1995,6,South America
Brazil,BRA,1998,8,South America
Brazil,BRA,1999,12,South America
Brazil,BRA,2000,13,South America
Brazil,BRA,2004,15,South America
Brazil,BRA,2007,16,South America
Brazil,BRA,2008,17,South America
Brazil,BRA,2009,18,South America
Brazil,BRA,2011,19,South America
Brazil,BRA,2012,20,South America
Brazil,BRA,2013,21,South America
Brazil,BRA,2014,23,South America
Brazil,BRA,2015,26,South America
Brazil,BRA,2016,27,South America
Brazil,BRA,2017,31,South America
Brazil,BRA,2018,34,South America
Brazil,BRA,2019,36,South America
Brazil,BRA,2021,39,South America
Bulgaria,BGR,2017,1,Europe
Bulgaria,BGR,2018,2,Europe
Bulgaria,BGR,2021,3,Europe
Canada,CAN,1962,1,North America
Canada,CAN,1965,2,North America
Canada,CAN,1969,3,North America
Canada,CAN,1971,4,North America
Canada,CAN,1972,6,North America
Canada,CAN,1973,8,North America
Canada,CAN,1975,9,North America
Canada,CAN,1976,10,North America
Canada,CAN,1978,11,North America
Canada,CAN,1982,13,North America
Canada,CAN,1983,14,North America
Canada,CAN,1984,15,North America
Canada,CAN,1985,16,North America
Canada,CAN,1991,18,North America
Canada,CAN,1992,19,North America
Canada,CAN,1995,20,North America
Canada,CAN,1996,21,North America
Canada,CAN,1999,22,North America
Canada,CAN,2000,23,North America
Canada,CAN,2001,24,North America
Canada,CAN,2002,26,North America
Canada,CAN,2003,29,North America
Canada,CAN,2004,30,North America
Canada,CAN,2005,31,North America
Canada,CAN,2007,33,North America
Canada,CAN,2008,38,North America
Canada,CAN,2009,40,North America
Canada,CAN,2011,42,North America
Canada,CAN,2012,44,North America
Canada,CAN,2013,48,North America
Canada,CAN,2014,52,North America
Canada,CAN,2015,54,North America
Canada,CAN,2016,57,North America
Canada,CAN,2018,62,North America
Canada,CAN,2019,65,North America
Canada,CAN,2020,71,North America
Canada,CAN,2021,82,North America
Chile,CHL,1995,1,South America
Chile,CHL,1998,2,South America
Chile,CHL,2011,3,South America
Chile,CHL,2017,4,South America
China,CHN,1970,1,Asia
China,CHN,1971,2,Asia
China,CHN,1974,3,Asia
China,CHN,1975,6,Asia
China,CHN,1976,8,Asia
China,CHN,1978,9,Asia
China,CHN,1981,12,Asia
China,CHN,1982,13,Asia
China,CHN,1983,14,Asia
China,CHN,1984,17,Asia
China,CHN,1985,18,Asia
China,CHN,1986,20,Asia
China,CHN,1987,22,Asia
China,CHN,1988,26,Asia
China,CHN,1990,31,Asia
China,CHN,1991,32,Asia
China,CHN,1992,34,Asia
China,CHN,1993,35,Asia
China,CHN,1994,39,Asia
China,CHN,1996,41,Asia
China,CHN,1997,48,Asia
China,CHN,1998,58,Asia
China,CHN,1999,69,Asia
China,CHN,2000,75,Asia
China,CHN,2001,77,Asia
China,CHN,2002,84,Asia
China,CHN,2003,93,Asia
China,CHN,2004,104,Asia
China,CHN,2005,111,Asia
China,CHN,2006,124,Asia
China,CHN,2007,134,Asia
China,CHN,2008,151,Asia
China,CHN,2009,159,Asia
China,CHN,2010,179,Asia
China,CHN,2011,198,Asia
China,CHN,2012,224,Asia
China,CHN,2013,243,Asia
China,CHN,2014,268,Asia
China,CHN,2015,306,Asia
China,CHN,2016,344,Asia
China,CHN,2017,375,Asia
China,CHN,2018,470,Asia
China,CHN,2019,552,Asia
China,CHN,2020,625,Asia
China,CHN,2021,731,Asia
Colombia,COL,2007,1,South America
Colombia,COL,2018,2,South America
Costa Rica,CRI,2018,1,North America
Czechia,CZE,1978,1,Europe
Czechia,CZE,1989,2,Europe
Czechia,CZE,1991,3,Europe
Czechia,CZE,1995,4,Europe
Czechia,CZE,1996,5,Europe
Czechia,CZE,2003,6,Europe
Czechia,CZE,2019,7,Europe
Denmark,DNK,1999,1,Europe
Denmark,DNK,2003,3,Europe
Denmark,DNK,2008,4,Europe
Denmark,DNK,2013,6,Europe
Denmark,DNK,2014,7,Europe
Denmark,DNK,2015,8,Europe
Denmark,DNK,2016,9,Europe
Denmark,DNK,2018,11,Europe
Denmark,DNK,2019,12,Europe
EUMETSAT,,1989,1,World
EUMETSAT,,1991,2,World
EUMETSAT,,1993,3,World
EUMETSAT,,1997,4,World
EUMETSAT,,2002,6,World
EUMETSAT,,2005,7,World
EUMETSAT,,2006,8,World
EUMETSAT,,2012,10,World
EUMETSAT,,2015,11,World
EUMETSAT,,2018,12,World
Ecuador,ECU,2013,2,South America
Egypt,EGY,1998,1,Africa
Egypt,EGY,2000,2,Africa
Egypt,EGY,2007,3,Africa
Egypt,EGY,2010,4,Africa
Egypt,EGY,2014,5,Africa
Egypt,EGY,2019,9,Africa
Estonia,EST,2013,1,Europe
Estonia,EST,2019,2,Europe
Estonia,EST,2020,3,Europe
Ethiopia,ETH,2019,1,Africa
European Space Agency,,1968,5,Europe
European Space Agency,,1969,7,Europe
European Space Agency,,1972,13,Europe
European Space Agency,,1975,15,Europe
European Space Agency,,1977,16,Europe
European Space Agency,,1978,18,Europe
European Space Agency,,1979,19,Europe
European Space Agency,,1981,22,Europe
European Space Agency,,1983,24,Europe
European Space Agency,,1985,25,Europe
European Space Agency,,1988,27,Europe
European Space Agency,,1989,29,Europe
European Space Agency,,1990,31,Europe
European Space Agency,,1991,32,Europe
European Space Agency,,1992,33,Europe
European Space Agency,,1995,36,Europe
European Space Agency,,1997,39,Europe
European Space Agency,,1998,40,Europe
European Space Agency,,1999,41,Europe
European Space Agency,,2000,45,Europe
European Space Agency,,2001,47,Europe
European Space Agency,,2002,51,Europe
European Space Agency,,2003,54,Europe
European Space Agency,,2004,56,Europe
European Space Agency,,2005,62,Europe
European Space Agency,,2008,65,Europe
European Space Agency,,2009,70,Europe
European Space Agency,,2010,71,Europe
European Space Agency,,2011,74,Europe
European Space Agency,,2012,77,Europe
European Space Agency,,2013,83,Europe
European Space Agency,,2014,85,Europe
European Space Agency,,2015,88,Europe
European Space Agency,,2016,92,Europe
European Space Agency,,2017,94,Europe
European Space Agency,,2018,98,Europe
European Space Agency,,2019,100,Europe
European Space Agency,,2020,102,Europe
European Union,,2014,2,Europe
European Union,,2015,8,Europe
European Union,,2016,14,Europe
European Union,,2017,18,Europe
European Union,,2018,22,Europe
European Union,,2021,24,Europe
Eutelsat,,1983,1,Europe
Eutelsat,,1984,2,Europe
Eutelsat,,1987,3,Europe
Eutelsat,,1990,4,Europe
Eutelsat,,1991,6,Europe
Eutelsat,,1992,7,Europe
Eutelsat,,1995,8,Europe
Eutelsat,,1996,9,Europe
Eutelsat,,1997,10,Europe
Eutelsat,,1998,13,Europe
Eutelsat,,1999,14,Europe
Eutelsat,,2000,17,Europe
Eutelsat,,2001,19,Europe
Eutelsat,,2002,22,Europe
Eutelsat,,2003,23,Europe
Eutelsat,,2004,24,Europe
Eutelsat,,2006,26,Europe
Eutelsat,,2008,28,Europe
Eutelsat,,2009,31,Europe
Eutelsat,,2015,32,Europe
Eutelsat,,2016,33,Europe
Finland,FIN,2017,1,Europe
Finland,FIN,2018,5,Europe
Finland,FIN,2019,7,Europe
Finland,FIN,2020,9,Europe
Finland,FIN,2021,17,Europe
France,FRA,1965,3,Europe
France,FRA,1966,4,Europe
France,FRA,1967,6,Europe
France,FRA,1970,8,Europe
France,FRA,1971,10,Europe
France,FRA,1972,11,Europe
France,FRA,1974,13,Europe
France,FRA,1975,20,Europe
France,FRA,1977,22,Europe
France,FRA,1984,23,Europe
France,FRA,1985,24,Europe
France,FRA,1986,25,Europe
France,FRA,1988,27,Europe
France,FRA,1990,29,Europe
France,FRA,1991,31,Europe
France,FRA,1992,33,Europe
France,FRA,1993,36,Europe
France,FRA,1995,39,Europe
France,FRA,1996,40,Europe
France,FRA,1998,41,Europe
France,FRA,1999,43,Europe
France,FRA,2001,44,Europe
France,FRA,2002,47,Europe
France,FRA,2004,54,Europe
France,FRA,2005,55,Europe
France,FRA,2006,58,Europe
France,FRA,2008,59,Europe
France,FRA,2009,62,Europe
France,FRA,2010,71,Europe
France,FRA,2011,90,Europe
France,FRA,2012,95,Europe
France,FRA,2013,103,Europe
France,FRA,2014,105,Europe
France,FRA,2016,107,Europe
France,FRA,2017,109,Europe
France,FRA,2018,111,Europe
France,FRA,2019,117,Europe
France,FRA,2020,121,Europe
France,FRA,2021,130,Europe
Germany,DEU,1969,1,Europe
Germany,DEU,1970,2,Europe
Germany,DEU,1972,3,Europe
Germany,DEU,1974,7,Europe
Germany,DEU,1975,9,Europe
Germany,DEU,1976,10,Europe
Germany,DEU,1983,12,Europe
Germany,DEU,1984,13,Europe
Germany,DEU,1987,14,Europe
Germany,DEU,1988,15,Europe
Germany,DEU,1989,17,Europe
Germany,DEU,1990,19,Europe
Germany,DEU,1991,20,Europe
Germany,DEU,1992,21,Europe
Germany,DEU,1993,22,Europe
Germany,DEU,1994,25,Europe
Germany,DEU,1995,27,Europe
Germany,DEU,1996,28,Europe
Germany,DEU,1997,30,Europe
Germany,DEU,1998,33,Europe
Germany,DEU,1999,35,Europe
Germany,DEU,2000,38,Europe
Germany,DEU,2001,39,Europe
Germany,DEU,2002,44,Europe
Germany,DEU,2005,45,Europe
Germany,DEU,2006,46,Europe
Germany,DEU,2007,49,Europe
Germany,DEU,2008,58,Europe
Germany,DEU,2009,62,Europe
Germany,DEU,2010,64,Europe
Germany,DEU,2012,65,Europe
Germany,DEU,2013,71,Europe
Germany,DEU,2014,72,Europe
Germany,DEU,2016,74,Europe
Germany,DEU,2017,76,Europe
Germany,DEU,2018,88,Europe
Germany,DEU,2019,99,Europe
Germany,DEU,2020,104,Europe
Germany,DEU,2021,114,Europe
Ghana,GHA,2017,1,Europe
Greece,GRC,2003,1,Europe
Greece,GRC,2017,2,Europe
Greece,GRC,2019,3,Europe
Guatemala,GTM,2020,1,South America
Hungary,HUN,2012,1,Europe
Hungary,HUN,2019,3,Europe
Hungary,HUN,2021,5,Europe
India,IND,1975,1,Asia
India,IND,1979,2,Asia
India,IND,1980,3,Asia
India,IND,1981,6,Asia
India,IND,1982,8,Asia
India,IND,1983,10,Asia
India,IND,1988,13,Asia
India,IND,1990,15,Asia
India,IND,1991,16,Asia
India,IND,1992,18,Asia
India,IND,1993,19,Asia
India,IND,1994,21,Asia
India,IND,1995,23,Asia
India,IND,1996,24,Asia
India,IND,1997,26,Asia
India,IND,1999,28,Asia
India,IND,2000,29,Asia
India,IND,2001,31,Asia
India,IND,2002,33,Asia
India,IND,2003,37,Asia
India,IND,2004,38,Asia
India,IND,2005,41,Asia
India,IND,2007,46,Asia
India,IND,2008,50,Asia
India,IND,2009,54,Asia
India,IND,2010,56,Asia
India,IND,2011,63,Asia
India,IND,2012,65,Asia
India,IND,2013,70,Asia
India,IND,2014,74,Asia
India,IND,2015,78,Asia
India,IND,2016,90,Asia
India,IND,2017,99,Asia
India,IND,2018,109,Asia
India,IND,2019,119,Asia
India,IND,2020,122,Asia
India,IND,2021,127,Asia
Indonesia,IDN,1976,1,Asia
Indonesia,IDN,1977,2,Asia
Indonesia,IDN,1983,3,Asia
Indonesia,IDN,1984,4,Asia
Indonesia,IDN,1987,5,Asia
Indonesia,IDN,1990,6,Asia
Indonesia,IDN,1992,7,Asia
Indonesia,IDN,1996,9,Asia
Indonesia,IDN,1997,10,Asia
Indonesia,IDN,1999,11,Asia
Indonesia,IDN,2000,12,Asia
Indonesia,IDN,2005,13,Asia
Indonesia,IDN,2007,14,Asia
Indonesia,IDN,2012,15,Asia
Indonesia,IDN,2015,16,Asia
Indonesia,IDN,2016,18,Asia
Indonesia,IDN,2017,19,Asia
Indonesia,IDN,2018,20,Asia
Indonesia,IDN,2019,21,Asia
Inmarsat,,1976,3,Europe
Inmarsat,,1981,4,Europe
Inmarsat,,1984,5,Europe
Inmarsat,,1990,6,Europe
Inmarsat,,1991,8,Europe
Inmarsat,,1992,9,Europe
Inmarsat,,1996,12,Europe
Inmarsat,,1997,13,Europe
Inmarsat,,1998,14,Europe
Intelsat,,1965,1,World
Intelsat,,1966,2,World
Intelsat,,1967,5,World
Intelsat,,1968,6,World
Intelsat,,1969,9,World
Intelsat,,1970,12,World
Intelsat,,1971,14,World
Intelsat,,1972,16,World
Intelsat,,1973,17,World
Intelsat,,1974,18,World
Intelsat,,1975,20,World
Intelsat,,1976,21,World
Intelsat,,1978,23,World
Intelsat,,1980,24,World
Intelsat,,1981,25,World
Intelsat,,1982,27,World
Intelsat,,1983,29,World
Intelsat,,1984,31,World
Intelsat,,1985,34,World
Intelsat,,1988,35,World
Intelsat,,1989,37,World
Intelsat,,1990,39,World
Intelsat,,1991,41,World
Intelsat,,1992,42,World
Intelsat,,1993,43,World
Intelsat,,1994,45,World
Intelsat,,1995,48,World
Intelsat,,1996,50,World
Intelsat,,1997,54,World
Intelsat,,1998,56,World
Intelsat,,2008,57,World
Intelsat,,2011,58,World
Intelsat,,2012,59,World
Intelsat,,2014,60,World
Intersputnik,,1999,1,Europe
Iran,IRN,2005,1,Asia
Iran,IRN,2009,2,Asia
Iran,IRN,2011,3,Asia
Iran,IRN,2012,4,Asia
Iran,IRN,2015,5,Asia
Iran,IRN,2020,6,Asia
Israel,ISR,1988,1,Asia
Israel,ISR,1990,2,Asia
Israel,ISR,1995,3,Asia
Israel,ISR,1996,4,Asia
Israel,ISR,1998,5,Asia
Israel,ISR,2000,6,Asia
Israel,ISR,2002,7,Asia
Israel,ISR,2003,8,Asia
Israel,ISR,2006,9,Asia
Israel,ISR,2007,10,Asia
Israel,ISR,2008,12,Asia
Israel,ISR,2010,13,Asia
Israel,ISR,2011,14,Asia
Israel,ISR,2013,15,Asia
Israel,ISR,2014,17,Asia
Israel,ISR,2016,18,Asia
Israel,ISR,2017,21,Asia
Israel,ISR,2019,24,Asia
Israel,ISR,2020,26,Asia
Israel,ISR,2021,30,Asia
Italy,ITA,1964,2,Europe
Italy,ITA,1967,3,Europe
Italy,ITA,1971,4,Europe
Italy,ITA,1974,5,Europe
Italy,ITA,1977,6,Europe
Italy,ITA,1988,7,Europe
Italy,ITA,1991,8,Europe
Italy,ITA,1992,9,Europe
Italy,ITA,1993,11,Europe
Italy,ITA,1996,13,Europe
Italy,ITA,1999,14,Europe
Italy,ITA,2000,17,Europe
Italy,ITA,2001,18,Europe
Italy,ITA,2002,19,Europe
Italy,ITA,2004,20,Europe
Italy,ITA,2007,23,Europe
Italy,ITA,2008,24,Europe
Italy,ITA,2009,25,Europe
Italy,ITA,2010,26,Europe
Italy,ITA,2011,27,Europe
Italy,ITA,2012,31,Europe
Italy,ITA,2013,32,Europe
Italy,ITA,2014,34,Europe
Italy,ITA,2015,35,Europe
Italy,ITA,2016,36,Europe
Italy,ITA,2017,40,Europe
Italy,ITA,2018,41,Europe
Italy,ITA,2019,44,Europe
Italy,ITA,2020,45,Europe
Italy,ITA,2021,52,Europe
Japan,JPN,1970,1,Asia
Japan,JPN,1971,3,Asia
Japan,JPN,1972,4,Asia
Japan,JPN,1974,5,Asia
Japan,JPN,1975,7,Asia
Japan,JPN,1976,8,Asia
Japan,JPN,1977,12,Asia
Japan,JPN,1978,16,Asia
Japan,JPN,1979,18,Asia
Japan,JPN,1980,20,Asia
Japan,JPN,1981,23,Asia
Japan,JPN,1982,24,Asia
Japan,JPN,1983,27,Asia
Japan,JPN,1984,30,Asia
Japan,JPN,1985,32,Asia
Japan,JPN,1986,36,Asia
Japan,JPN,1987,39,Asia
Japan,JPN,1988,41,Asia
Japan,JPN,1989,45,Asia
Japan,JPN,1990,52,Asia
Japan,JPN,1991,54,Asia
Japan,JPN,1992,58,Asia
Japan,JPN,1993,59,Asia
Japan,JPN,1994,63,Asia
Japan,JPN,1995,67,Asia
Japan,JPN,1996,70,Asia
Japan,JPN,1997,77,Asia
Japan,JPN,1998,80,Asia
Japan,JPN,1999,81,Asia
Japan,JPN,2000,84,Asia
Japan,JPN,2001,88,Asia
Japan,JPN,2002,98,Asia
Japan,JPN,2003,105,Asia
Japan,JPN,2004,107,Asia
Japan,JPN,2005,112,Asia
Japan,JPN,2006,123,Asia
Japan,JPN,2007,129,Asia
Japan,JPN,2008,135,Asia
Japan,JPN,2009,147,Asia
Japan,JPN,2010,156,Asia
Japan,JPN,2011,160,Asia
Japan,JPN,2012,169,Asia
Japan,JPN,2013,174,Asia
Japan,JPN,2014,198,Asia
Japan,JPN,2015,202,Asia
Japan,JPN,2016,213,Asia
Japan,JPN,2017,229,Asia
Japan,JPN,2018,247,Asia
Japan,JPN,2019,268,Asia
Japan,JPN,2020,277,Asia
Japan,JPN,2021,300,Asia
Jordan,JOR,2018,1,Asia
Kazakhstan,KAZ,2006,1,Asia
Kazakhstan,KAZ,2011,2,Asia
Kazakhstan,KAZ,2014,5,Asia
Kazakhstan,KAZ,2017,6,Asia
Kazakhstan,KAZ,2018,9,Asia
Kenya,KEN,2018,1,Africa
Laos,LAO,2015,1,Asia
Latvia,LVA,2017,1,Europe
Lithuania,LTU,2014,2,Europe
Lithuania,LTU,2019,4,Europe
Lithuania,LTU,2020,6,Europe
Lithuania,LTU,2021,9,Europe
Luxembourg,LUX,1988,1,Europe
Luxembourg,LUX,1991,2,Europe
Luxembourg,LUX,1993,3,Europe
Luxembourg,LUX,1994,4,Europe
Luxembourg,LUX,1995,5,Europe
Luxembourg,LUX,1996,6,Europe
Luxembourg,LUX,1997,7,Europe
Luxembourg,LUX,1998,8,Europe
Luxembourg,LUX,1999,9,Europe
Luxembourg,LUX,2000,11,Europe
Luxembourg,LUX,2001,12,Europe
Luxembourg,LUX,2002,14,Europe
Luxembourg,LUX,2006,15,Europe
Luxembourg,LUX,2007,16,Europe
Luxembourg,LUX,2008,17,Europe
Luxembourg,LUX,2010,19,Europe
Luxembourg,LUX,2011,21,Europe
Luxembourg,LUX,2012,23,Europe
Luxembourg,LUX,2013,24,Europe
Luxembourg,LUX,2014,26,Europe
Luxembourg,LUX,2018,35,Europe
Luxembourg,LUX,2019,39,Europe
Luxembourg,LUX,2020,47,Europe
Luxembourg,LUX,2021,53,Europe
Malaysia,MYS,1996,2,Asia
Malaysia,MYS,2000,3,Asia
Malaysia,MYS,2006,4,Asia
Malaysia,MYS,2009,6,Asia
Malaysia,MYS,2014,7,Asia
Malaysia,MYS,2018,9,Asia
Mauritius,MUS,2021,1,Africa
Mexico,MEX,1985,2,North America
Mexico,MEX,1993,3,North America
Mexico,MEX,1994,4,North America
Mexico,MEX,1996,5,North America
Mexico,MEX,1998,6,North America
Mexico,MEX,2006,7,North America
Mexico,MEX,2011,9,North America
Mexico,MEX,2012,10,North America
Mexico,MEX,2013,11,North America
Mexico,MEX,2015,13,North America
Mexico,MEX,2016,14,North America
Mexico,MEX,2019,15,North America
Mexico,MEX,2020,16,North America
Mexico,MEX,2021,18,North America
Monaco,MCO,2020,1,Europe
Mongolia,MNG,2017,1,Asia
Morocco,MAR,2001,1,Africa
Morocco,MAR,2017,2,Africa
Morocco,MAR,2018,3,Africa
NATO,,1970,1,World
NATO,,1971,2,World
NATO,,1976,3,World
NATO,,1984,4,World
NATO,,1991,5,World
Nepal,NPL,2019,1,Asia
Netherlands,NLD,1974,1,Europe
Netherlands,NLD,2008,2,Europe
Netherlands,NLD,2013,6,Europe
Netherlands,NLD,2017,7,Europe
Netherlands,NLD,2018,10,Europe
Netherlands,NLD,2021,13,Europe
New Zealand,NZL,2018,1,ANZ
New Zealand,NZL,2019,2,ANZ
New Zealand,NZL,2020,10,ANZ
New Zealand,NZL,2021,14,ANZ
Nigeria,NGA,2003,1,Africa
Nigeria,NGA,2011,4,Africa
Nigeria,NGA,2017,5,Africa
North Korea,PRK,2012,1,Asia
North Korea,PRK,2016,2,Asia
Norway,NOR,1997,1,Europe
Norway,NOR,1998,2,Europe
Norway,NOR,2005,3,Europe
Norway,NOR,2008,4,Europe
Norway,NOR,2009,5,Europe
Norway,NOR,2010,6,Europe
Norway,NOR,2013,7,Europe
Norway,NOR,2014,8,Europe
Norway,NOR,2015,9,Europe
Norway,NOR,2017,13,Europe
Norway,NOR,2021,14,Europe
Pakistan,PAK,1990,1,Asia
Pakistan,PAK,2001,2,Asia
Pakistan,PAK,2011,3,Asia
Pakistan,PAK,2013,4,Asia
Pakistan,PAK,2018,6,Asia
Papua New Guinea,PNG,2014,1,ANZ
Papua New Guinea,PNG,2015,2,ANZ
Paraguay,PRY,2021,1,South America
Peru,PER,2013,2,South America
Peru,PER,2014,3,South America
Peru,PER,2016,4,South America
Philippines,PHL,1997,1,Asia
Philippines,PHL,2016,2,Asia
Philippines,PHL,2018,4,Asia
Philippines,PHL,2021,7,Asia
Poland,POL,2012,1,Europe
Poland,POL,2013,2,Europe
Poland,POL,2014,3,Europe
Poland,POL,2018,4,Europe
Poland,POL,2019,6,Europe
Poland,POL,2021,8,Europe
Portugal,PRT,1993,1,Europe
Qatar,QAT,2018,1,Asia
RASCOM,,2007,1,World
RASCOM,,2010,2,World
Romania,ROU,2012,1,Europe
Russia,RUS,1957,2,Europe
Russia,RUS,1958,3,Europe
Russia,RUS,1959,6,Europe
Russia,RUS,1960,9,Europe
Russia,RUS,1961,16,Europe
Russia,RUS,1962,36,Europe
Russia,RUS,1963,53,Europe
Russia,RUS,1964,88,Europe
Russia,RUS,1965,152,Europe
Russia,RUS,1966,196,Europe
Russia,RUS,1967,262,Europe
Russia,RUS,1968,336,Europe
Russia,RUS,1969,406,Europe
Russia,RUS,1970,494,Europe
Russia,RUS,1971,592,Europe
Russia,RUS,1972,680,Europe
Russia,RUS,1973,789,Europe
Russia,RUS,1974,884,Europe
Russia,RUS,1975,995,Europe
Russia,RUS,1976,1116,Europe
Russia,RUS,1977,1220,Europe
Russia,RUS,1978,1339,Europe
Russia,RUS,1979,1440,Europe
Russia,RUS,1980,1550,Europe
Russia,RUS,1981,1674,Europe
Russia,RUS,1982,1793,Europe
Russia,RUS,1983,1909,Europe
Russia,RUS,1984,2024,Europe
Russia,RUS,1985,2143,Europe
Russia,RUS,1986,2257,Europe
Russia,RUS,1987,2373,Europe
Russia,RUS,1988,2482,Europe
Russia,RUS,1989,2581,Europe
Russia,RUS,1990,2677,Europe
Russia,RUS,1991,2760,Europe
Russia,RUS,1992,2838,Europe
Russia,RUS,1993,2897,Europe
Russia,RUS,1994,2961,Europe
Russia,RUS,1995,2997,Europe
Russia,RUS,1996,3025,Europe
Russia,RUS,1997,3053,Europe
Russia,RUS,1998,3080,Europe
Russia,RUS,1999,3095,Europe
Russia,RUS,2000,3118,Europe
Russia,RUS,2001,3148,Europe
Russia,RUS,2002,3167,Europe
Russia,RUS,2003,3189,Europe
Russia,RUS,2004,3208,Europe
Russia,RUS,2005,3227,Europe
Russia,RUS,2006,3243,Europe
Russia,RUS,2007,3261,Europe
Russia,RUS,2008,3282,Europe
Russia,RUS,2009,3312,Europe
Russia,RUS,2010,3336,Europe
Russia,RUS,2011,3360,Europe
Russia,RUS,2012,3383,Europe
Russia,RUS,2013,3412,Europe
Russia,RUS,2014,3447,Europe
Russia,RUS,2015,3474,Europe
Russia,RUS,2016,3488,Europe
Russia,RUS,2017,3513,Europe
Russia,RUS,2018,3536,Europe
Russia,RUS,2019,3566,Europe
Russia,RUS,2020,3590,Europe
Russia,RUS,2021,3611,Europe
Rwanda,RWA,2021,1,Africa
Saudi Arabia,SAU,2000,2,Asia
Saudi Arabia,SAU,2002,3,Asia
Saudi Arabia,SAU,2004,6,Asia
Saudi Arabia,SAU,2007,12,Asia
Saudi Arabia,SAU,2014,13,Asia
Saudi Arabia,SAU,2018,15,Asia
Saudi Arabia,SAU,2021,17,Asia
Sea Launch,,1999,1,World
Singapore,SGP,1998,1,Asia
Singapore,SGP,2011,3,Asia
Singapore,SGP,2013,4,Asia
Singapore,SGP,2014,6,Asia
Singapore,SGP,2015,12,Asia
Singapore,SGP,2019,13,Asia
Slovakia,SVK,2017,1,Europe
Slovakia,SVK,2021,2,Europe
Slovenia,SVN,2020,2,Europe
South Africa,ZAF,1999,1,Africa
South Africa,ZAF,2009,2,Africa
South Africa,ZAF,2013,3,Africa
South Africa,ZAF,2014,4,Africa
South Africa,ZAF,2018,5,Africa
South Korea,KOR,1992,1,Asia
South Korea,KOR,1993,2,Asia
South Korea,KOR,1995,3,Asia
South Korea,KOR,1996,4,Asia
South Korea,KOR,1999,7,Asia
South Korea,KOR,2003,8,Asia
South Korea,KOR,2004,9,Asia
South Korea,KOR,2006,11,Asia
South Korea,KOR,2010,13,Asia
South Korea,KOR,2012,14,Asia
South Korea,KOR,2013,20,Asia
South Korea,KOR,2015,21,Asia
South Korea,KOR,2017,26,Asia
South Korea,KOR,2018,37,Asia
South Korea,KOR,2020,39,Asia
South Korea,KOR,2021,43,Asia
Spain,ESP,1974,1,Europe
Spain,ESP,1992,2,Europe
Spain,ESP,1993,3,Europe
Spain,ESP,1995,4,Europe
Spain,ESP,1997,5,Europe
Spain,ESP,2000,6,Europe
Spain,ESP,2002,7,Europe
Spain,ESP,2004,8,Europe
Spain,ESP,2006,9,Europe
Spain,ESP,2009,11,Europe
Spain,ESP,2010,12,Europe
Spain,ESP,2012,13,Europe
Spain,ESP,2013,15,Europe
Spain,ESP,2014,16,Europe
Spain,ESP,2016,17,Europe
Spain,ESP,2017,18,Europe
Spain,ESP,2018,23,Europe
Spain,ESP,2019,25,Europe
Spain,ESP,2020,28,Europe
Spain,ESP,2021,29,Europe
Sri Lanka,LKA,2019,1,Asia
Starsem,,2000,2,World
Sweden,SWE,1986,1,Europe
Sweden,SWE,1989,4,Europe
Sweden,SWE,1992,5,Europe
Sweden,SWE,1995,6,Europe
Sweden,SWE,1997,7,Europe
Sweden,SWE,1998,9,Europe
Sweden,SWE,2000,11,Europe
Sweden,SWE,2001,12,Europe
Sweden,SWE,2007,13,Europe
Sweden,SWE,2010,15,Europe
Sweden,SWE,2012,17,Europe
Sweden,SWE,2017,18,Europe
Sweden,SWE,2019,19,Europe
Switzerland,CHE,2009,1,Europe
Switzerland,CHE,2010,2,Europe
Switzerland,CHE,2018,3,Europe
Switzerland,CHE,2019,4,Europe
Switzerland,CHE,2020,5,Europe
Switzerland,CHE,2021,15,Europe
Taiwan,TWN,1999,1,Asia
Taiwan,TWN,2004,2,Asia
Taiwan,TWN,2006,8,Asia
Taiwan,TWN,2017,9,Asia
Taiwan,TWN,2019,15,Asia
Taiwan,TWN,2021,17,Asia
Thailand,THA,1993,1,Asia
Thailand,THA,1994,2,Asia
Thailand,THA,1997,3,Asia
Thailand,THA,1998,4,Asia
Thailand,THA,2005,5,Asia
Thailand,THA,2006,6,Asia
Thailand,THA,2008,7,Asia
Thailand,THA,2014,8,Asia
Thailand,THA,2016,9,Asia
Thailand,THA,2018,10,Asia
Thailand,THA,2019,11,Asia
Thailand,THA,2020,12,Asia
Thailand,THA,2021,14,Asia
Turkey,TUR,1994,1,Asia
Turkey,TUR,1996,2,Asia
Turkey,TUR,2001,3,Asia
Turkey,TUR,2003,4,Asia
Turkey,TUR,2008,5,Asia
Turkey,TUR,2009,6,Asia
Turkey,TUR,2011,7,Asia
Turkey,TUR,2012,8,Asia
Turkey,TUR,2013,9,Asia
Turkey,TUR,2014,10,Asia
Turkey,TUR,2015,11,Asia
Turkey,TUR,2016,12,Asia
Turkey,TUR,2018,13,Asia
Turkey,TUR,2021,16,Asia
Turkmenistan,TKM,2015,1,Asia
Ukraine,UKR,1995,1,Europe
Ukraine,UKR,2004,3,Europe
Ukraine,UKR,2010,4,Europe
Ukraine,UKR,2011,6,Europe
Ukraine,UKR,2013,7,Europe
Ukraine,UKR,2014,8,Europe
United Arab Emirates,ARE,2000,1,Asia
United Arab Emirates,ARE,2003,2,Asia
United Arab Emirates,ARE,2008,3,Asia
United Arab Emirates,ARE,2009,4,Asia
United Arab Emirates,ARE,2011,5,Asia
United Arab Emirates,ARE,2012,6,Asia
United Arab Emirates,ARE,2013,7,Asia
United Arab Emirates,ARE,2017,8,Asia
United Arab Emirates,ARE,2018,9,Asia
United Arab Emirates,ARE,2019,10,Asia
United Arab Emirates,ARE,2020,13,Asia
United Arab Emirates,ARE,2021,17,Asia
United Kingdom,GBR,1962,1,Europe
United Kingdom,GBR,1964,2,Europe
United Kingdom,GBR,1967,3,Europe
United Kingdom,GBR,1969,5,Europe
United Kingdom,GBR,1970,6,Europe
United Kingdom,GBR,1971,8,Europe
United Kingdom,GBR,1974,12,Europe
United Kingdom,GBR,1979,14,Europe
United Kingdom,GBR,1981,16,Europe
United Kingdom,GBR,1984,18,Europe
United Kingdom,GBR,1988,19,Europe
United Kingdom,GBR,1989,21,Europe
United Kingdom,GBR,1990,27,Europe
United Kingdom,GBR,1991,28,Europe
United Kingdom,GBR,1994,31,Europe
United Kingdom,GBR,1995,32,Europe
United Kingdom,GBR,1996,33,Europe
United Kingdom,GBR,1998,34,Europe
United Kingdom,GBR,1999,36,Europe
United Kingdom,GBR,2000,40,Europe
United Kingdom,GBR,2001,41,Europe
United Kingdom,GBR,2003,42,Europe
United Kingdom,GBR,2005,45,Europe
United Kingdom,GBR,2006,47,Europe
United Kingdom,GBR,2007,49,Europe
United Kingdom,GBR,2008,52,Europe
United Kingdom,GBR,2009,55,Europe
United Kingdom,GBR,2010,58,Europe
United Kingdom,GBR,2011,60,Europe
United Kingdom,GBR,2012,64,Europe
United Kingdom,GBR,2013,71,Europe
United Kingdom,GBR,2014,81,Europe
United Kingdom,GBR,2015,88,Europe
United Kingdom,GBR,2016,89,Europe
United Kingdom,GBR,2017,96,Europe
United Kingdom,GBR,2018,108,Europe
United Kingdom,GBR,2019,122,Europe
United Kingdom,GBR,2020,226,Europe
United Kingdom,GBR,2021,515,Europe
United States,USA,1958,7,North America
United States,USA,1959,18,North America
United States,USA,1960,35,North America
United States,USA,1961,66,North America
United States,USA,1962,121,North America
United States,USA,1963,176,North America
United States,USA,1964,247,North America
United States,USA,1965,343,North America
United States,USA,1966,442,North America
United States,USA,1967,527,North America
United States,USA,1968,588,North America
United States,USA,1969,650,North America
United States,USA,1970,681,North America
United States,USA,1971,727,North America
United States,USA,1972,764,North America
United States,USA,1973,792,North America
United States,USA,1974,811,North America
United States,USA,1975,841,North America
United States,USA,1976,867,North America
United States,USA,1977,891,North America
United States,USA,1978,926,North America
United States,USA,1979,945,North America
United States,USA,1980,961,North America
United States,USA,1981,981,North America
United States,USA,1982,1001,North America
United States,USA,1983,1026,North America
United States,USA,1984,1057,North America
United States,USA,1985,1087,North America
United States,USA,1986,1098,North America
United States,USA,1987,1108,North America
United States,USA,1988,1127,North America
United States,USA,1989,1152,North America
United States,USA,1990,1192,North America
United States,USA,1991,1222,North America
United States,USA,1992,1250,North America
United States,USA,1993,1281,North America
United States,USA,1994,1316,North America
United States,USA,1995,1356,North America
United States,USA,1996,1397,North America
United States,USA,1997,1485,North America
United States,USA,1998,1576,North America
United States,USA,1999,1656,North America
United States,USA,2000,1712,North America
United States,USA,2001,1746,North America
United States,USA,2002,1779,North America
United States,USA,2003,1807,North America
United States,USA,2004,1828,North America
United States,USA,2005,1849,North America
United States,USA,2006,1886,North America
United States,USA,2007,1932,North America
United States,USA,2008,1956,North America
United States,USA,2009,1994,North America
United States,USA,2010,2029,North America
United States,USA,2011,2058,North America
United States,USA,2012,2091,North America
United States,USA,2013,2171,North America
United States,USA,2014,2266,North America
United States,USA,2015,2370,North America
United States,USA,2016,2475,North America
United States,USA,2017,2762,North America
United States,USA,2018,2952,North America
United States,USA,2019,3315,North America
United States,USA,2020,4299,North America
United States,USA,2021,5534,North America
Uruguay,URY,2014,1,South America
Uruguay,URY,2016,3,South America
Uruguay,URY,2017,4,South America
Uruguay,URY,2018,6,South America
Uruguay,URY,2020,19,South America
Uruguay,URY,2021,23,South America
Venezuela,VEN,2008,2,South America
Venezuela,VEN,2012,3,South America
Venezuela,VEN,2017,4,South America
Vietnam,VNM,2008,1,Asia
Vietnam,VNM,2012,3,Asia
Vietnam,VNM,2013,5,Asia
Vietnam,VNM,2019,6,Asia
Vietnam,VNM,2021,7,Asia
World,OWID_WRL,1957,2,World
World,OWID_WRL,1958,10,World
World,OWID_WRL,1959,24,World
World,OWID_WRL,1960,44,World
World,OWID_WRL,1961,82,World
World,OWID_WRL,1962,159,World
World,OWID_WRL,1963,231,World
World,OWID_WRL,1964,338,World
World,OWID_WRL,1965,501,World
World,OWID_WRL,1966,646,World
World,OWID_WRL,1967,805,World
World,OWID_WRL,1968,945,World
World,OWID_WRL,1969,1083,World
World,OWID_WRL,1970,1213,World
World,OWID_WRL,1971,1369,World
World,OWID_WRL,1972,1502,World
World,OWID_WRL,1973,1640,World
World,OWID_WRL,1974,1768,World
World,OWID_WRL,1975,1926,World
World,OWID_WRL,1976,2084,World
World,OWID_WRL,1977,2221,World
World,OWID_WRL,1978,2386,World
World,OWID_WRL,1979,2510,World
World,OWID_WRL,1980,2640,World
World,OWID_WRL,1981,2798,World
World,OWID_WRL,1982,2943,World
World,OWID_WRL,1983,3097,World
World,OWID_WRL,1984,3260,World
World,OWID_WRL,1985,3425,World
World,OWID_WRL,1986,3559,World
World,OWID_WRL,1987,3694,World
World,OWID_WRL,1988,3839,World
World,OWID_WRL,1989,3978,World
World,OWID_WRL,1990,4146,World
World,OWID_WRL,1991,4281,World
World,OWID_WRL,1992,4411,World
World,OWID_WRL,1993,4519,World
World,OWID_WRL,1994,4642,World
World,OWID_WRL,1995,4747,World
World,OWID_WRL,1996,4847,World
World,OWID_WRL,1997,4999,World
World,OWID_WRL,1998,5156,World
World,OWID_WRL,1999,5285,World
World,OWID_WRL,2000,5406,World
World,OWID_WRL,2001,5492,World
World,OWID_WRL,2002,5588,World
World,OWID_WRL,2003,5676,World
World,OWID_WRL,2004,5750,World
World,OWID_WRL,2005,5822,World
World,OWID_WRL,2006,5918,World
World,OWID_WRL,2007,6029,World
World,OWID_WRL,2008,6138,World
World,OWID_WRL,2009,6263,World
World,OWID_WRL,2010,6383,World
World,OWID_WRL,2011,6512,World
World,OWID_WRL,2012,6646,World
World,OWID_WRL,2013,6856,World
World,OWID_WRL,2014,7097,World
World,OWID_WRL,2015,7319,World
World,OWID_WRL,2016,7540,World
World,OWID_WRL,2017,7996,World
World,OWID_WRL,2018,8449,World
World,OWID_WRL,2019,9035,World
World,OWID_WRL,2020,10309,World
World,OWID_WRL,2021,12116,World